;advanced.name;393
api.proxyscrape.com;848
apiproxyfree.com;478
cybersyndrome.net;136
free-proxy-list.com;250
free-proxy-list.net;1200
freeproxy.world;1300
github-RX4096;213
github-ShiftyTR;782
github-TheSpeedX;4961
github-Volodichev;27562
github-almroot;4
github-clarketm;400
github-hendrikbgr;104
github-hookzof;95
github-jetkai;1603
github-manuGMG;272
github-mertguvencli;82
github-mmpx12;3291
github-monosans;519
github-roosterkid;899
github-ryanhaticus;10
github-sunny9577;828
hidemy.name;1600
list.proxylistplus.com;298
netzwelt.de;60
openproxy.space;2499
premiumproxy.net;536
premproxy.com;57
proxy-daily.com;1153
proxy-list.download;2089
proxy-list.org;140
proxydb.net;60
proxydocker.com;20
proxynova.com;35
proxyservers.pro;20
us-proxy.org;400
All: 55233, Without Duplicates: 35321